patient_id,predicted_label,predicted_prob
912511,B,0.066862
910569,B,0.040967
910709,B,0.083976
911138,B,0.021733
911095,M,0.875442
910164,B,0.047976
910466,M,0.887904
912817,B,0.621167
911798,B,0.045631
911756,B,0.047567
911055,B,0.060503
910822,M,0.88724
910976,B,0.076094
912627,B,0.011809
910657,B,0.10132
912278,M,0.951111
910197,M,0.902202
910700,B,0.037042
912558,B,0.054239
910074,B,0.190188
912455,B,0.041477
912649,B,0.208497
911867,B,0.027594
912787,B,0.02875
910799,B,0.034765
910031,B,0.212999
911680,B,0.029418
911016,B,0.823294
910894,B,0.80477
910523,B,0.122626
912566,B,0.807891
910764,B,0.034604
911417,M,0.879275
912738,B,0.079699
911281,M,0.974135
910271,B,0.074181
912272,B,0.10948
910758,B,0.094878
912263,B,0.071489
910988,B,0.531304
911171,B,0.036025
911817,B,0.061753
912516,M,0.98753
911759,B,0.097943
911153,B,0.073282
910429,B,0.14663
912595,B,0.111938
911102,B,0.133249
910620,B,0.055591
910134,B,0.052082
912670,B,0.036145
912016,M,0.9225
911712,B,0.058989
910127,B,0.094249
912808,B,0.021273
912714,B,0.07161
912625,B,0.731488
911407,B,0.012168
912547,B,0.037203
910980,B,0.059576
911291,B,0.227216
911836,B,0.170481
912482,B,0.087664
912044,B,0.206096
910095,B,0.040613
911395,B,0.051893
911778,B,0.169694
911083,B,0.028715
911142,B,0.02891
911580,B,0.221029
910738,B,0.021381
911845,B,0.037033
912583,B,0.586403
911276,B,0.075026
910440,M,0.977314
911587,B,0.271499
912639,B,0.019024
910793,B,0.039083
910902,B,0.023922
912837,B,0.023865
912383,B,0.01289
912635,B,0.079514
912707,B,0.094626
911943,B,0.062572
911809,B,0.127347
911745,B,0.219048
910298,B,0.017688
911699,B,0.036224
912312,B,0.102743
910361,B,0.141564
911267,B,0.025715
911440,B,0.062771
912447,B,0.833367
911018,M,0.894035
912398,B,0.082493
910633,B,0.097015
910163,B,0.032574
911509,B,0.011293
911723,B,0.125749
912237,B,0.024471
911987,B,0.034553
910349,B,0.798607
912201,B,0.084931
912486,B,0.11076
912548,B,0.045944
910924,B,0.009206
910205,M,0.933179
911797,B,0.028132
912826,B,0.056009
910406,M,0.972456
910223,M,0.960556
912833,B,0.205675
911224,B,0.040835
911601,B,0.080439
912874,M,0.925471
910527,B,0.21341
910384,B,0.258044
912302,B,0.018796
911725,B,0.037161
911690,B,0.032537
912723,B,0.076483
912317,B,0.172366
911757,B,0.616747
911054,B,0.187263
912153,B,0.104031
911664,B,0.123432
911473,B,0.084359
910094,B,0.706098
910054,B,0.163963
911531,B,0.037584
911077,B,0.069212
912418,B,0.021333
910224,B,0.046656
911743,B,0.09076
911480,B,0.020003
911446,B,0.041878
910174,B,0.124697
910167,B,0.119308
912135,B,0.066709
911688,B,0.7214
912253,B,0.050437
911131,B,0.021812
910611,B,0.259547
911959,B,0.059604
910798,M,0.959915
911693,B,0.257428
911049,B,0.101826
910472,B,0.043935
912784,B,0.020696
910501,B,0.826839
912856,B,0.122762
912182,B,0.246176
911556,B,0.052178
910295,B,0.245926
911866,B,0.010911
911383,B,0.017604
910425,B,0.034456
911140,M,0.959593
912740,B,0.017598
912072,B,0.804807
910750,B,0.057572
910554,B,0.470458
912727,B,0.034962
912143,B,0.173298
910834,B,0.061693
911001,B,0.110081
910312,B,0.097006
911495,B,0.097562
911378,M,0.984847
912633,M,0.860597
911184,B,0.079287
910010,B,0.803083
912174,B,0.011701
912157,B,0.101387
912805,M,0.881629
912252,M,0.962645
911849,M,0.936499
910687,B,0.287027
910246,B,0.421451
910811,B,0.040622
912573,B,0.647799
910874,B,0.088984
910415,B,0.056683
910678,B,0.031947
911994,M,0.99044
910343,B,0.281044
911828,B,0.397227
911829,B,0.050835
911719,M,0.913804
910027,B,0.737172
910959,B,0.495115
911616,M,0.936718
912459,B,0.419486
910561,B,0.072468
910458,B,0.128192
912138,B,0.214703
912453,B,0.023882
911221,B,0.061911
912260,B,0.012184
911598,B,0.058744
912212,B,0.058418
911540,B,0.023354
912198,B,0.029688
911487,B,0.036726
910628,B,0.014129
910369,B,0.316301
910142,B,0.04694
910553,B,0.100593
911129,B,0.027999
911644,B,0.075453
910080,M,0.952452
911912,B,0.01901
912049,B,0.158857
910404,B,0.125834
910571,M,0.976575
910690,B,0.045395
911844,B,0.083962
910998,B,0.006621
912046,B,0.051338
911238,B,0.198614
910332,B,0.157857
910577,B,0.561037
910395,B,0.080501
910351,B,0.081951
912641,B,0.037322
910889,B,0.10824
912661,B,0.083505
912324,B,0.076016
910362,B,0.037628
912163,B,0.028707
911685,B,0.036273
910051,B,0.041962
911080,B,0.015197
912576,B,0.036795
912763,B,0.425968
910503,B,0.02089
912202,B,0.057196
911592,B,0.218445
912050,B,0.017254
911205,B,0.048395
911165,B,0.244841
911887,B,0.151974
912196,B,0.119821
911998,B,0.500486
910910,B,0.028894
910272,B,0.07833
910260,B,0.836511
910520,B,0.06516
912690,B,0.13259
912188,M,0.916029
911168,B,0.049411
911403,B,0.025244
910826,B,0.124366
912619,B,0.100355
911002,B,0.138571
911702,B,0.236003
912415,B,0.026312
910432,B,0.058845
912623,M,0.96195
912679,B,0.04955
910232,B,0.029048
911169,B,0.060172
911150,B,0.025149
911145,B,0.637651
911586,B,0.299495
911069,B,0.060733
910729,M,0.871686
912205,B,0.124763
911101,B,0.073312
910407,B,0.059233
912877,B,0.041643
912151,B,0.0374
910341,B,0.116934
910957,B,0.016559
911430,B,0.544433
912768,B,0.053283
911714,B,0.0472
911762,B,0.092862
912504,B,0.715688
912379,B,0.506231
911721,B,0.122393
912756,B,0.02275
911508,B,0.061323
912532,B,0.135447
911272,B,0.040723
910555,B,0.034365
910654,B,0.145026
912019,B,0.146706
912441,M,0.979886
911288,B,0.006977
910733,B,0.235843
910838,B,0.143993
912862,M,0.94862
910091,B,0.214771
910626,B,0.215616
911918,B,0.281313
911485,B,0.070743
911064,B,0.021036
910802,B,0.216898
911526,M,0.943305
911391,B,0.105373
910717,B,0.754189
910218,B,0.056567
912401,B,0.03137
910259,B,0.073377
911698,M,0.970153
910153,M,0.915855
910356,B,0.654146
912194,B,0.738014
911863,B,0.235793
910782,B,0.067048
910464,B,0.127738
910820,B,0.024908
912553,B,0.028258
912167,B,0.037003
912720,M,0.942045
910942,M,0.88655
911980,M,0.924964
911753,M,0.845029
911243,B,0.302308
911397,B,0.108903
910198,B,0.143528
911958,B,0.046318
910907,B,0.011156
912830,B,0.01916
912340,B,0.020698
910296,B,0.104726
910635,B,0.382024
911672,B,0.006094
910009,B,0.357163
912839,M,0.928385
912314,M,0.945107
912262,B,0.623326
911290,M,0.841371
911896,B,0.076326
912086,B,0.033982
910229,B,0.016193
911905,B,0.037708
910245,B,0.128976
910576,B,0.022144
911029,B,0.021817
911733,B,0.053039
910853,B,0.516249
912605,B,0.014264
910099,B,0.755419
910516,B,0.228789
910809,B,0.011399
911463,B,0.027403
910113,B,0.086191
911008,B,0.043739
910220,B,0.015433
911868,B,0.131738
911629,B,0.387692
911035,B,0.089439
911917,B,0.304419
911294,B,0.728094
912315,B,0.043864
911660,B,0.088658
911772,B,0.834631
911612,B,0.113802
910170,B,0.025733
912715,B,0.328606
910585,B,0.007709
911838,B,0.105906
911109,B,0.011121
912718,B,0.156991
911802,B,0.029099
910832,B,0.060156
911722,B,0.814664
910191,B,0.116694
912675,M,0.956277
912478,B,0.091596
910339,B,0.02297
911532,B,0.643007
911428,B,0.10845
910590,B,0.165227
910060,B,0.011554
910105,B,0.037385
910375,B,0.170112
910214,M,0.842634
910669,B,0.184473
912054,B,0.724459
912106,B,0.157017
910966,B,0.09725
911630,M,0.843691
912794,B,0.165847
911322,B,0.780057
910032,B,0.189149
912731,B,0.077922
911820,B,0.138867
910071,B,0.011626
912435,B,0.108787
911056,B,0.011333
910209,B,0.29367
912773,M,0.871117
910909,B,0.025267
911414,M,0.955449
912389,B,0.195597
911053,B,0.687901
911072,B,0.049288
911299,B,0.832563
910040,B,0.087418
911327,B,0.0272
910507,B,0.166941
911278,M,0.9201
912193,M,0.875359
912779,B,0.01065
910825,B,0.077205
912425,B,0.218111
911924,B,0.017158
910807,B,0.606439
911597,B,0.209097
911120,M,0.844914
911976,B,0.034342
910026,B,0.017682
910446,B,0.055473
910368,B,0.101957
912640,B,0.237117
912382,B,0.213754
911651,B,0.097319
912775,B,0.03278
910580,B,0.153822
911467,B,0.043489
912722,B,0.25785
912286,B,0.02722
912129,B,0.065691
910940,B,0.230383
912864,M,0.847165
911309,B,0.044462
911749,B,0.119231
912156,M,0.896566
912390,B,0.79136
912796,B,0.030079
911803,B,0.131761
910839,B,0.013194
910581,B,0.032375
911729,B,0.088955
910354,B,0.024989
910544,B,0.797299
912166,B,0.058932
910818,B,0.056685
912798,B,0.655137
911186,B,0.026754
911270,M,0.989926
911246,B,0.17606
912416,B,0.097959
911739,B,0.132192
912037,B,0.091989
910851,B,0.105571
911308,B,0.065354
911715,B,0.043068
912381,B,0.043084
911494,B,0.317659
910013,B,0.092402
912462,B,0.01828
910456,B,0.025841
910731,B,0.119731
912078,B,0.658376
911404,B,0.083043
912431,B,0.054048
912850,B,0.040499
910308,M,0.852123
912755,B,0.133595
911573,B,0.570392
911913,M,0.942654
912385,B,0.076776
910021,B,0.025186
910593,B,0.119922
911604,M,0.977955
910022,B,0.060098
910663,B,0.018777
910728,B,0.07176
912452,B,0.08916
912574,B,0.232067
912838,B,0.089368
911248,M,0.92804
912116,B,0.203519
912563,B,0.033718
911273,M,0.965684
910817,B,0.022751
912484,B,0.606641
910936,B,0.036567
911707,B,0.109211
911066,B,0.063588
912407,B,0.212039
910370,M,0.984565
911219,B,0.109178
912006,B,0.388352
910602,B,0.171328
911258,B,0.337859
912606,B,0.029103
912591,B,0.068377
912567,B,0.023149
912321,B,0.010962
912304,B,0.084842
910102,B,0.833044
911201,B,0.078022
912550,M,0.892986
910708,B,0.139487
911591,B,0.320803
911348,B,0.025183
911250,B,0.125612
910748,B,0.104755
912199,B,0.521281
912391,B,0.017459
910088,B,0.223974
910470,B,0.04983
910317,B,0.054718
910578,B,0.006052
911657,B,0.047047
910311,B,0.112502
911163,B,0.066312
911678,B,0.030297
911534,B,0.064923
910122,B,0.054014
911207,B,0.018363
910062,B,0.063649
910008,B,0.098272
910083,B,0.045158
912650,B,0.074677
910681,B,0.047404
910353,B,0.651333
912618,B,0.316192
910314,B,0.103974
911384,B,0.740976
911350,M,0.971732
910756,B,0.025013
912481,B,0.029329
911137,B,0.012075
912671,B,0.040025
912717,B,0.189302
912666,B,0.024083
912788,B,0.028397
911488,B,0.075084
911295,B,0.024439
912589,B,0.088182
910453,B,0.41106
911656,M,0.977338
912168,B,0.010669
912797,M,0.852687
910028,M,0.865981
911493,B,0.032821
912585,B,0.061119
911457,B,0.01413
911974,B,0.026279
911419,M,0.947646
911343,B,0.115695
910443,B,0.130209
910069,B,0.063599
912137,B,0.091975
912191,B,0.047556
911432,B,0.223324
911471,B,0.038209
910090,B,0.014589
910543,B,0.337358
912218,B,0.044683
911952,B,0.063841
911426,B,0.051881
911982,B,0.009013
911744,B,0.072059
911285,B,0.012332
912597,B,0.328159
912774,B,0.048765
910776,B,0.064849
911991,B,0.095618
912058,B,0.424571
910305,B,0.115071
911781,B,0.037779
911572,B,0.067039
910184,M,0.935497
911374,B,0.071426
911799,B,0.078091
911382,M,0.962688
910754,B,0.025195
911020,B,0.147845
910536,B,0.058067
910358,B,0.213515
911110,B,0.017562
911356,M,0.918361
910208,B,0.072817
910391,B,0.291198
910706,M,0.951243
912810,B,0.164136
912866,B,0.043141
911882,B,0.083631
910859,B,0.008399
911548,B,0.059687
910303,B,0.037017
911052,B,0.03131
912498,B,0.076131
911517,B,0.054446
912657,B,0.213999
910810,B,0.179077
910610,B,0.1876
911214,B,0.18484
910452,B,0.310355
910870,B,0.039539
910196,B,0.225623
911292,B,0.03382
911661,B,0.075889
910595,B,0.08347
910617,B,0.01888
911082,M,0.898354
910556,B,0.161212
910534,B,0.258211
911234,B,0.087469
911421,B,0.034287
911606,B,0.09582
911506,B,0.129363
910884,B,0.024138
912881,M,0.973019
910788,B,0.24623
910284,B,0.005512
912770,B,0.066685
910382,B,0.235444
910002,B,0.027918
912229,B,0.027844
911933,B,0.345883
912622,B,0.103464
912512,B,0.140918
910658,B,0.03958
910972,B,0.031355
910833,M,0.870199
912556,B,0.092018
911538,B,0.026777
910192,B,0.212046
910625,B,0.081135
910477,B,0.113588
911819,B,0.061636
912562,B,0.114239
912617,M,0.977722
911533,B,0.093447
911504,B,0.781011
911775,B,0.088903
911728,B,0.037651
912206,M,0.920497
911449,B,0.060841
910434,B,0.057691
912513,B,0.112743
911815,B,0.048309
912015,B,0.026577
912113,B,0.528986
910645,M,0.861524
912758,B,0.03593
911878,B,0.055647
911255,B,0.108379
910055,B,0.051112
911007,B,0.107103
911784,B,0.192833
910206,B,0.0238
911595,B,0.087059
911216,B,0.039511
911783,B,0.084347
912170,B,0.171346
911965,B,0.613478
911307,B,0.065602
910491,B,0.065633
912159,B,0.05196
910789,B,0.044453
911582,B,0.498084
912557,B,0.185995
912669,B,0.059778
910695,B,0.128583
911655,B,0.020588
912824,M,0.89892
912733,B,0.385178
911804,B,0.130475
911777,B,0.021699
910623,B,0.054045
912405,M,0.970592
910692,B,0.12567
910736,B,0.147838
910860,B,0.017696
910473,B,0.033068
912759,B,0.826854
910121,B,0.050378
912668,B,0.63303
912842,M,0.854044
911146,B,0.109616
912247,M,0.905876
911123,B,0.169321
911618,B,0.049065
910727,B,0.032834
910435,B,0.134889
910117,M,0.956134
910400,M,0.968971
910413,B,0.091039
910156,B,0.115602
911859,B,0.216233
912422,B,0.020509
910042,B,0.036444
910545,B,0.048141
910664,B,0.038791
911351,B,0.056349
911067,M,0.915353
911518,B,0.064095
911787,B,0.137103
910276,M,0.877254
912644,B,0.097229
912494,B,0.040101
910177,B,0.011645
910858,B,0.806206
911520,B,0.076297
911880,B,0.049661
912734,B,0.208186
911770,B,0.078298
910905,B,0.184399
910148,B,0.7386
911050,B,0.26211
912132,B,0.08464
912394,B,0.100517
911039,B,0.066856
912883,B,0.246157
912571,B,0.019283
911089,B,0.049121
911755,B,0.772242
912543,B,0.081079
910172,B,0.056638
910797,B,0.045135
911769,B,0.027068
911984,B,0.0189
912468,B,0.235309
911810,M,0.952038
911478,M,0.924749
912403,B,0.090254
911321,B,0.100703
911489,B,0.340627
912296,M,0.915612
910039,M,0.96991
911032,B,0.105704
910726,B,0.187192
910266,B,0.022671
911871,B,0.090627
911585,B,0.038715
910946,B,0.281131
911026,B,0.060367
910187,B,0.590115
912363,B,0.37301
911279,M,0.965432
910309,B,0.591594
910739,B,0.164086
910390,B,0.082214
912303,B,0.503441
910919,B,0.028823
912803,B,0.123223
912604,B,0.049533
911212,M,0.979033
912227,B,0.070194
910892,B,0.127244
911364,B,0.058232
911916,B,0.034064
911106,B,0.126188
912531,B,0.152107
912359,B,0.159713
912507,B,0.116605
912760,B,0.074403
911855,B,0.02279
910263,B,0.043707
910149,B,0.065541
911614,B,0.088985
911751,B,0.193842
911562,B,0.129466
911476,B,0.36651
911298,B,0.139423
911132,B,0.645392
910463,B,0.188023
910753,B,0.033722
912541,B,0.009922
911498,B,0.116344
911261,B,0.026599
910863,B,0.095971
910146,B,0.107372
911986,B,0.435214
911642,M,0.869407
911972,M,0.942446
910651,M,0.944742
911213,B,0.185353
912299,B,0.080708
912331,B,0.143369
911376,B,0.032348
910161,B,0.03169
911963,B,0.743229
911857,B,0.100137
911386,M,0.932337
912104,M,0.956569
910020,M,0.878446
910938,M,0.988232
910058,B,0.228086
912776,B,0.046974
910529,B,0.40692
911624,B,0.677022
912408,B,0.744693
910365,B,0.038596
911014,B,0.801139
911264,B,0.073055
910642,B,0.04596
912341,B,0.065368
911023,M,0.848126
912572,B,0.036768
912688,B,0.081254
911084,B,0.075057
911344,B,0.014886
911190,B,0.278542
910650,M,0.949088
910720,B,0.157077
912245,M,0.914296
911353,B,0.554202
911496,B,0.038231
911196,B,0.128747
910262,B,0.461582
910471,B,0.045367
910856,B,0.280626
911617,B,0.047263
910460,B,0.048581
912109,B,0.038881
910968,B,0.616433
910136,B,0.091688
910713,B,0.171399
912539,B,0.025404
910158,B,0.026406
911544,B,0.018497
912125,B,0.138458
911230,B,0.1202
911578,B,0.256309
912626,B,0.106622
911824,B,0.131057
910686,B,0.148778
910186,M,0.946911
910211,B,0.040904
912762,B,0.11966
912400,B,0.023171
911396,B,0.081273
910380,B,0.138567
912152,B,0.047733
910896,B,0.041353
911204,B,0.086824
910038,B,0.073204
910668,B,0.649032
910212,B,0.161284
911603,B,0.176498
910355,B,0.076113
911181,B,0.123608
912323,B,0.688128
912203,B,0.102585
910119,B,0.02178
912551,M,0.858091
911885,B,0.051211
910886,B,0.032715
911706,B,0.046392
911850,M,0.960798
911590,B,0.138495
912870,B,0.280434
912145,B,0.028626
911304,B,0.076363
911992,B,0.031344
912065,B,0.159971
912868,B,0.018677
911621,B,0.012364
910661,B,0.110901
910765,B,0.018133
910975,B,0.129928
910468,B,0.267632
912344,B,0.144476
912226,B,0.068225
911335,B,0.130008
911686,B,0.033826
911491,B,0.056554
910675,B,0.412887
911713,B,0.041284
910419,M,0.953128
912555,B,0.061357
911152,B,0.073823
910852,B,0.174703
910281,B,0.678388
911899,B,0.03224
910480,B,0.040648
912084,B,0.01646
910450,B,0.049883
911038,B,0.084876
911159,B,0.079398
910465,B,0.438408
912256,B,0.785098
911445,M,0.960737
912463,B,0.181785
911128,M,0.986864
910106,B,0.012475
911134,B,0.104482
912477,B,0.085205
912559,B,0.021854
910597,B,0.140285
911193,B,0.812192
911904,B,0.029683
911527,M,0.91232
911030,B,0.098661
911727,B,0.343323
910230,B,0.38011
912204,M,0.887657
910226,M,0.962299
912052,B,0.073192
910256,M,0.966405
912497,B,0.016293
910682,B,0.020335
912607,B,0.107436
912311,M,0.948321
912180,B,0.052018
912789,B,0.118336
911752,B,0.010532
912697,B,0.210942
911742,B,0.144113
912691,B,0.154106
911889,B,0.154525
911800,B,0.687244
910594,B,0.061076
911319,B,0.051626
912493,B,0.027348
912366,B,0.028722
910640,M,0.870963
910188,B,0.032632
912523,B,0.098726
912858,B,0.159281
912448,B,0.12391
911906,B,0.024846
910573,M,0.958638
912728,B,0.026824
912882,B,0.703259
911470,B,0.03565
910778,B,0.059756
910684,B,0.164628
910181,B,0.734865
911271,M,0.973363
910350,M,0.930874
910583,B,0.069903
910089,B,0.037546
910112,B,0.026753
912017,M,0.910839
911192,B,0.106813
912724,B,0.054232
911512,B,0.033663
911615,B,0.207867
912036,B,0.051876
910880,B,0.154627
910109,B,0.055911
911185,B,0.157639
912328,M,0.969177
910485,B,0.058071
910665,B,0.08609
910973,B,0.07254
910931,B,0.036279
910414,B,0.048924
910913,B,0.015332
910787,B,0.013748
912424,B,0.371126
910016,B,0.078422
911667,B,0.232527
910494,M,0.976626
911462,B,0.039224
912656,B,0.805029
912277,B,0.049125
911117,B,0.241843
911510,M,0.847391
910819,B,0.02526
911903,B,0.052421
910363,B,0.037845
912601,B,0.040885
910011,B,0.151911
910572,B,0.087226
910614,B,0.058488
912395,B,0.040622
911156,B,0.048669
910587,B,0.111714
911647,M,0.990857
910165,B,0.085603
912598,M,0.927583
910327,B,0.04048
912501,B,0.012215
911766,B,0.084311
912692,B,0.080527
910221,B,0.034494
911323,B,0.222627
912161,B,0.042009
912846,B,0.090827
912747,B,0.041244
911425,B,0.024845
912829,B,0.016231
911961,B,0.110329
911907,B,0.032817
910666,B,0.052659
912522,M,0.908646
912854,B,0.044752
910831,B,0.068431
912310,B,0.316142
912332,B,0.071391
912186,B,0.137857
912844,B,0.022017
912878,B,0.044485
912445,B,0.021004
911847,B,0.01942
912487,B,0.041473
912287,B,0.28052
910509,B,0.78741
912337,B,0.027992
910169,B,0.016794
911627,B,0.078767
911317,B,0.314849
911768,M,0.987082
912293,B,0.016151
911740,B,0.047175
911812,B,0.068306
911136,B,0.04019
911507,B,0.167908
911923,M,0.935824
911306,B,0.080898
911044,B,0.015442
911893,B,0.043291
912414,B,0.104138
912654,B,0.09294
911862,B,0.141768
911301,B,0.12756
912290,B,0.200924
912127,B,0.03017
911465,B,0.104927
912087,B,0.660451
910399,B,0.022023
910469,B,0.093585
910656,B,0.020325
910030,B,0.054582
911843,B,0.162866
910869,B,0.02259
911919,B,0.026072
910346,B,0.106459
911957,B,0.047365
910173,B,0.037636
911073,B,0.04366
910202,B,0.059227
910292,B,0.027262
910857,B,0.248035
910873,M,0.921956
912220,B,0.016291
912282,B,0.051159
911302,M,0.9122
911354,B,0.118312
911609,B,0.007898
910759,B,0.040153
910110,B,0.126455
912008,B,0.024872
910078,B,0.053758
911358,B,0.12213
912013,M,0.97709
912035,B,0.072224
912012,B,0.068918
912148,B,0.015267
910123,B,0.09946
910360,B,0.738964
911359,B,0.050431
912411,B,0.034974
910592,B,0.698049
911846,B,0.225984
911482,B,0.041323
910489,B,0.288235
910321,B,0.015519
911033,B,0.01805
911666,B,0.614391
910945,B,0.07047
912210,B,0.809015
912384,B,0.055932
912646,B,0.28454
912811,B,0.170267
912221,B,0.067447
911126,M,0.867658
910496,M,0.855002
912465,B,0.107822
911086,B,0.130615
911730,B,0.052374
910723,M,0.911127
912404,M,0.906417
911164,B,0.010107
910749,B,0.088604
912835,B,0.172813
912815,B,0.667691
912780,B,0.034116
910890,B,0.056075
912586,M,0.879279
910901,B,0.107439
911602,B,0.043224
910508,B,0.114884
911663,B,0.044517
912073,B,0.027521
911339,B,0.060103
910652,B,0.044226
912518,M,0.970539
910887,B,0.076959
910280,B,0.335696
910066,B,0.695502
910984,B,0.033577
911079,B,0.0377
910795,M,0.974331
912343,M,0.977191
912207,M,0.964941
912162,B,0.026879
911897,B,0.150149
912732,B,0.025975
911983,B,0.095584
910618,B,0.049745
910547,B,0.030158
912081,B,0.08764
910841,B,0.736118
910130,B,0.243229
912031,B,0.098604
910535,B,0.051191
912333,B,0.024618
912647,B,0.148752
911932,B,0.016034
911734,B,0.377302
911225,B,0.298969
910249,B,0.034862
912857,B,0.023326
910145,B,0.017752
912781,B,0.015496
911005,B,0.178731
910200,B,0.044884
911704,B,0.10837
912729,M,0.958849
912372,B,0.177742
910285,B,0.008461
911677,B,0.045238
910591,B,0.750281
911088,B,0.015386
910900,B,0.069153
912426,B,0.406086
910701,M,0.87332
910403,B,0.026766
910067,B,0.059709
910511,M,0.889278
911063,B,0.050237
910203,B,0.022237
912028,B,0.028496
911408,B,0.137288
911220,B,0.252874
910046,B,0.063201
911237,B,0.122804
912094,B,0.053259
911588,M,0.931611
912295,M,0.986317
911162,B,0.184803
912848,M,0.983525
910302,B,0.204898
910915,B,0.065822
912410,B,0.039703
910310,B,0.156287
912569,B,0.061087
910294,B,0.073936
912010,B,0.063077
911780,B,0.322948
910792,M,0.992794
910613,B,0.261147
910326,B,0.160152
912189,B,0.027226
910779,B,0.161024
910791,B,0.059626
911352,B,0.084315
912503,M,0.979928
911254,B,0.043172
910132,B,0.048554
912322,B,0.044232
911161,B,0.017576
910515,M,0.982611
911108,B,0.057276
912327,B,0.270034
912130,B,0.022743
910502,B,0.099584
911636,B,0.033979
912561,B,0.347753
912454,B,0.284837
910747,M,0.977143
912754,M,0.934469
912694,B,0.0172
912546,B,0.021149
910325,B,0.239581
910801,B,0.12662
911892,B,0.808849
912524,B,0.082416
910108,B,0.273706
911199,B,0.411206
910528,B,0.144079
912624,M,0.891343
911028,B,0.05726
912365,B,0.146042
912358,B,0.070323
912875,M,0.968491
911003,B,0.572167
912809,B,0.381168
912402,B,0.045484
911552,B,0.054702
911415,B,0.013049
911037,B,0.015233
911861,B,0.117184
910366,B,0.724118
912648,B,0.014154
912592,B,0.072624
911568,B,0.049301
912018,M,0.991616
910732,B,0.641413
911070,B,0.141247
911771,B,0.106668
911748,B,0.170026
910827,B,0.090061
910514,M,0.869895
911277,B,0.341833
911090,B,0.05599
911092,B,0.175835
912128,B,0.051846
912234,B,0.058793
911736,B,0.031479
911228,B,0.066897
912704,M,0.939303
912033,B,0.119233
911149,B,0.01874
910705,B,0.127169
910760,B,0.161586
910043,B,0.013735
910328,B,0.086588
912443,B,0.013807
911121,B,0.746253
912200,B,0.153525
910745,B,0.123076
911708,B,0.095349
912029,B,0.113737
910926,B,0.05173
910157,M,0.857392
912689,B,0.517094
910320,B,0.131983
911951,M,0.924049
910999,B,0.023058
912070,B,0.037843
910154,M,0.958778
912871,B,0.048526
910204,B,0.065575
910093,B,0.072894
912356,B,0.068278
912593,B,0.12627
910484,B,0.044912
910679,B,0.015758
910944,B,0.237007
911825,M,0.979862
911087,B,0.037436
911141,B,0.083966
911099,B,0.029446
912577,B,0.021145
910771,B,0.113529
910050,M,0.897042
912680,B,0.038361
912674,B,0.014387
911004,M,0.849563
910600,B,0.051032
912630,B,0.087708
912268,B,0.106283
912831,B,0.222757
910850,B,0.123371
911286,B,0.05905
910438,B,0.055634
910498,B,0.238995
911061,B,0.060021
911600,B,0.107685
912259,B,0.009589
910072,B,0.312603
912560,B,0.016939
911814,B,0.076243
910371,B,0.026774
910862,B,0.652986
912342,B,0.118125
911947,B,0.119089
912175,B,0.237442
911653,B,0.158621
910007,B,0.110047
910053,M,0.936062
910730,B,0.167847
911551,B,0.202494
910781,B,0.072646
910427,B,0.039121
911189,B,0.035756
910059,B,0.044937
911231,M,0.975006
912285,B,0.702509
911113,M,0.941055
910691,B,0.02333
910674,B,0.090103
911447,B,0.135732
912020,B,0.016982
911289,B,0.032654
912613,B,0.077264
911682,B,0.016912
911908,B,0.709151
911910,B,0.697012
912352,M,0.927258
911075,B,0.051865
911435,B,0.030569
911676,B,0.010034
912663,B,0.03043
911971,B,0.109208
912743,M,0.958228
912750,B,0.082604
912442,B,0.030302
911371,B,0.182736
912213,B,0.021825
910876,B,0.030691
912076,B,0.087703
910559,B,0.129358
911399,B,0.037028
912638,B,0.090718
912024,B,0.73008
911439,B,0.101567
912150,B,0.134222
911268,B,0.157667
911433,M,0.966721
910670,M,0.975129
911670,B,0.032158
911557,B,0.156036
911581,B,0.01255
911741,B,0.343173
910359,B,0.071265
912051,B,0.017271
911398,B,0.131821
910386,B,0.247542
910279,B,0.074715
912542,B,0.064323
910423,B,0.067072
911571,B,0.035378
910236,B,0.128319
910983,B,0.10146
911188,B,0.035909
912621,B,0.573054
912676,B,0.030788
911402,B,0.375341
910421,B,0.041943
911613,B,0.067248
911837,B,0.052042
912307,B,0.035182
912280,M,0.980706
912300,B,0.027326
911357,B,0.045633
910601,B,0.213625
912677,B,0.136663
912173,B,0.037629
912832,B,0.114506
912552,B,0.096951
912233,B,0.009137
912568,B,0.03395
912043,B,0.153301
912766,B,0.080818
910920,B,0.020717
910548,B,0.073608
910891,M,0.900291
910540,B,0.181673
911594,B,0.158627
910627,B,0.017368
910041,M,0.969136
911345,B,0.432798
912373,B,0.032718
912469,B,0.805518
910844,B,0.060515
910024,B,0.019424
911935,B,0.160581
911034,B,0.048125
910519,B,0.139337
910609,M,0.971325
911767,B,0.428757
910848,B,0.219403
912767,B,0.088689
912609,B,0.108889
910144,B,0.241811
910615,B,0.063596
911525,B,0.046146
911522,B,0.220129
910558,B,0.102685
912749,B,0.165547
911821,B,0.195092
912499,B,0.376552
910329,B,0.711428
910243,B,0.675001
912476,B,0.039451
910987,B,0.008295
912393,B,0.00859
911006,B,0.074421
912149,B,0.069605
910816,B,0.108393
910721,M,0.881863
911256,B,0.279548
910954,B,0.02993
910711,B,0.800864
911208,B,0.005675
911626,B,0.10032
910401,B,0.036705
910034,B,0.047202
912246,B,0.075005
911046,B,0.193691
910927,B,0.737486
910291,B,0.068214
911720,B,0.004153
912629,B,0.236842
912812,B,0.650774
912269,B,0.075646
911835,B,0.021195
910467,B,0.026617
911648,B,0.049624
912184,B,0.021165
911599,B,0.017463
910564,M,0.968204
911833,B,0.231081
911314,B,0.036327
911813,B,0.045362
911944,B,0.304523
911773,B,0.045446
910023,B,0.202279
912014,B,0.06685
911675,B,0.049597
910005,B,0.091849
912354,B,0.012715
912528,B,0.072371
911318,B,0.019685
911936,B,0.024033
911659,B,0.016299
910513,B,0.089685
912264,B,0.074407
912699,B,0.050833
910769,B,0.076132
911464,M,0.894018
910316,B,0.024979
912183,B,0.104281
910418,B,0.027522
910641,B,0.281727
911340,B,0.094798
910908,B,0.314658
910785,M,0.930001
910707,B,0.034364
910412,M,0.878339
911390,B,0.103772
912258,B,0.037715
910643,M,0.852769
912687,B,0.629584
910235,B,0.025104
910436,M,0.96065
912074,B,0.023177
910056,B,0.042471
911960,B,0.105141
912249,B,0.030973
910888,B,0.183722
912195,B,0.064922
910606,B,0.038585
912242,M,0.934445
911827,B,0.019014
910254,B,0.015818
910552,M,0.867566
910324,B,0.053965
911607,B,0.044372
910685,B,0.030685
911795,M,0.845007
912490,B,0.117982
912509,B,0.825413
911536,B,0.258783
910694,B,0.036001
910849,B,0.043235
910352,B,0.046417
910075,B,0.031414
910867,M,0.876841
912488,B,0.073237
910409,B,0.024204
912793,B,0.03521
911996,B,0.018581
911244,M,0.959331
910301,B,0.106407
910725,B,0.013478
912120,B,0.030286
912298,B,0.027568
912330,B,0.039384
911634,B,0.051706
911097,B,0.039426
911242,B,0.810268
910251,B,0.026227
912056,B,0.079269
910566,B,0.067568
910411,B,0.04837
910897,B,0.036324
911806,B,0.055371
910877,B,0.443686
912701,M,0.919053
911895,B,0.022206
911700,B,0.088713
910835,B,0.473305
910746,M,0.909525
912281,B,0.152844
911941,B,0.02134
910737,B,0.06733
911233,B,0.100355
912179,B,0.704293
910274,M,0.95842
911950,B,0.134194
912652,M,0.990235
912631,B,0.009509
912361,B,0.271462
911646,B,0.048928
912538,B,0.154408
912336,B,0.067513
910241,M,0.96064
911015,B,0.110146
911831,M,0.986147
910986,B,0.516151
912190,B,0.064496
910866,B,0.060338
911486,M,0.980227
910780,B,0.006771
911114,B,0.048281
910829,B,0.077232
910319,B,0.039575
911226,B,0.171077
912496,B,0.098205
910084,B,0.049441
912266,M,0.96401
910639,M,0.909379
911051,B,0.575731
912117,B,0.392191
910845,B,0.816118
912053,B,0.041723
910964,B,0.087695
912119,B,0.074626
911858,M,0.978773
911940,B,0.111476
911017,B,0.023238
910282,B,0.283669
912038,B,0.690906
912235,B,0.041014
910612,B,0.028376
911501,M,0.975411
910971,B,0.468632
912002,B,0.056872
910096,B,0.040182
912659,M,0.947487
912027,B,0.57832
911641,B,0.052535
911856,B,0.07113
910151,B,0.037274
911400,B,0.022163
912693,M,0.943564
910179,B,0.02586
912564,B,0.004656
912305,B,0.143943
912254,B,0.277607
912588,B,0.104159
911805,B,0.210891
911541,B,0.020322
911611,B,0.021303
910925,B,0.243803
911265,B,0.030217
912545,B,0.739726
910474,M,0.928728
911654,B,0.020283
910065,B,0.033591
911563,M,0.98948
911416,B,0.051046
911497,B,0.263981
912853,B,0.403413
910996,B,0.050454
911375,M,0.929418
910338,B,0.014437
912865,M,0.955258
912360,B,0.097301
911024,B,0.015539
910755,B,0.110389
912540,B,0.046231
910974,B,0.031648
911260,B,0.089062
911263,B,0.368939
910497,B,0.180774
911519,B,0.212778
911920,B,0.005711
912653,B,0.027496
910444,B,0.004944
911252,B,0.051982
912616,B,0.049785
912525,B,0.154521
912752,M,0.900165
912602,B,0.163217
910981,B,0.074095
911966,B,0.180694
911043,B,0.013452
910967,B,0.058554
912741,B,0.044764
911665,B,0.114604
910393,M,0.995992
910233,M,0.858456
911025,B,0.109404
910159,B,0.174353
911554,M,0.970628
910530,B,0.028064
911694,B,0.008818
911253,B,0.07172
910035,B,0.078315
912584,B,0.062481
912265,B,0.024388
911555,M,0.949719
911864,B,0.018457
910098,B,0.211006
910215,B,0.058225
912412,B,0.200324
912526,B,0.157895
910307,B,0.026284
910537,B,0.086117
912034,B,0.80004
910568,B,0.037867
912351,B,0.694248
911710,B,0.077664
910991,B,0.178914
910772,B,0.103985
910619,B,0.054824
911481,B,0.076438
912066,B,0.046157
911823,B,0.102027
910357,B,0.268974
910933,B,0.062706
911040,B,0.028957
911883,B,0.011411
912291,B,0.039782
912703,B,0.749296
912515,B,0.401485
911479,B,0.352615
911059,B,0.10467
910813,B,0.127516
911477,B,0.013919
912313,B,0.805895
910347,B,0.293249
911269,M,0.895262
910416,B,0.115833
912271,B,0.024182
912217,B,0.496294
911387,B,0.034965
910861,M,0.934945
912783,B,0.089346
910648,B,0.165801
910800,B,0.028105
911754,M,0.936056
910492,B,0.107955
912816,B,0.009948
912457,B,0.083305
910234,B,0.00673
912519,B,0.306872
910118,B,0.09297
911884,B,0.119554
910683,B,0.071547
912492,B,0.022579
911283,B,0.034826
910107,B,0.169745
910978,B,0.040445
910459,B,0.048435
912370,B,0.226277
910388,B,0.035326
912570,M,0.99199
912849,B,0.009038
911901,M,0.9119
911349,B,0.120326
912068,B,0.037315
910526,B,0.041819
910840,B,0.062922
911674,B,0.018028
911873,B,0.297869
910539,B,0.518465
911215,B,0.159904
911187,B,0.036252
912730,B,0.249467
911681,B,0.100048
911422,B,0.037871
910376,B,0.068791
910659,B,0.014667
912098,M,0.945219
910216,B,0.693569
911841,B,0.096896
912451,B,0.036153
911103,M,0.912736
910025,B,0.160518
911363,B,0.799943
912099,B,0.486652
911420,B,0.020605
910048,B,0.822635
912764,B,0.066617
912742,B,0.483287
910377,M,0.941711
912615,B,0.023654
910589,B,0.097547
912172,B,0.099885
912879,M,0.964881
911245,B,0.051286
911036,B,0.082287
911362,B,0.159877
910012,B,0.519053
910433,B,0.042447
911811,B,0.203832
910344,B,0.04258
911593,B,0.078932
910956,B,0.17445
910735,B,0.620526
912089,B,0.011045
911122,B,0.0416
912582,B,0.006382
910923,B,0.705607
910803,B,0.026698
911065,B,0.033285
910428,B,0.018646
912825,B,0.268001
912761,B,0.687993
910100,B,0.376745
911461,B,0.027
912520,M,0.892461
912786,B,0.040611
911177,B,0.020665
911287,B,0.03243
912716,B,0.054287
911334,B,0.124653
911930,B,0.626104
910773,B,0.079307
911000,B,0.032225
912071,B,0.80667
912746,B,0.068705
911689,B,0.072526
912466,B,0.046168
910525,B,0.335951
911584,M,0.904048
912438,M,0.966873
911513,B,0.447585
912021,B,0.407135
910917,B,0.071856
912240,B,0.040081
912000,B,0.073735
911249,B,0.070963
911048,B,0.139797
911320,B,0.194949
912533,B,0.073245
912428,B,0.409233
912575,B,0.034884
910898,B,0.034556
911328,B,0.186537
910636,B,0.045314
910315,B,0.014572
910941,B,0.055617
911127,B,0.15273
912423,B,0.063609
910068,B,0.138386
911942,B,0.426924
910333,B,0.056781
912782,B,0.191223
911786,B,0.186607
910774,B,0.129835
912320,B,0.048555
911542,B,0.01777
911703,B,0.379417
911229,M,0.893682
911293,B,0.038171
910918,B,0.054119
912409,B,0.141451
911326,B,0.192051
912427,B,0.75809
911577,B,0.103412
912347,B,0.150674
911687,B,0.01612
910478,B,0.112303
910814,B,0.083141
910518,B,0.35987
910199,B,0.033325
912802,B,0.022471
912822,B,0.127783
910521,B,0.247076
911779,B,0.104242
912456,B,0.795306
912367,B,0.016566
911331,M,0.944547
911444,B,0.050507
911765,M,0.929161
910228,B,0.029254
912745,M,0.944664
912023,B,0.500903
911549,B,0.063918
912181,B,0.107805
912032,B,0.045258
911503,B,0.050046
911116,B,0.100239
910517,M,0.933055
912164,B,0.051807
912001,B,0.031198
912122,M,0.899396
910448,B,0.151214
910255,B,0.153662
912818,B,0.375124
911241,B,0.015618
911561,B,0.025683
910267,B,0.051577
912123,B,0.536688
911511,B,0.054173
910574,B,0.023931
912806,B,0.099959
912112,M,0.984286
910290,B,0.142613
911977,B,0.230658
912658,B,0.047399
910588,B,0.397944
911062,B,0.041261
911981,B,0.141443
911259,B,0.004631
910830,B,0.077735
910037,B,0.721271
911450,B,0.051543
912413,B,0.018979
911946,B,0.068828
912642,B,0.201328
911596,B,0.112356
911758,B,0.085888
911338,B,0.02153
911393,B,0.03806
911370,B,0.2406
910483,B,0.104964
911166,B,0.052009
911143,B,0.05319
912386,B,0.018908
911763,B,0.086658
911325,M,0.927965
912270,B,0.277757
910195,B,0.578837
910277,B,0.19869
911111,B,0.081653
912827,B,0.114792
910560,B,0.020455
912565,B,0.00783
912284,M,0.896536
911409,B,0.033699
910637,B,0.036315
910194,B,0.095921
910175,B,0.053998
910217,B,0.096346
910133,B,0.435425
912105,B,0.014959
911888,B,0.048006
912080,B,0.024554
912275,B,0.02323
911100,B,0.010897
910160,B,0.651551
912396,B,0.060795
911649,B,0.146505
910837,B,0.016877
912596,B,0.18432
910634,B,0.099722
912757,B,0.192174
912005,B,0.208382
910993,B,0.424993
910934,B,0.123352
912610,B,0.019415
910688,B,0.105271
912579,B,0.031541
910238,B,0.059627
911266,M,0.96348
912165,B,0.049364
911970,B,0.057507
912508,B,0.075855
911443,B,0.031032
911369,B,0.034085
911175,B,0.157386
911997,B,0.112427
912769,B,0.06187
910762,B,0.170439
910644,B,0.199792
912368,B,0.063258
912139,B,0.247971
910003,B,0.01851
911448,B,0.695554
912632,M,0.994085
910387,B,0.165097
910629,B,0.073577
910079,M,0.964953
911530,B,0.097491
912537,M,0.84013
912628,M,0.939358
911206,B,0.058593
911155,M,0.926031
912420,B,0.043048
911379,B,0.122276
912777,B,0.043613
911635,B,0.058176
911566,B,0.830191
910283,B,0.038313
910457,B,0.017947
910794,B,0.06575
910995,B,0.593136
912214,B,0.081351
912544,B,0.292522
910451,B,0.112421
911385,B,0.069376
912349,B,0.186873
911529,B,0.066348
911839,B,0.799554
912007,B,0.059252
911927,B,0.231946
910989,B,0.133107
912594,B,0.096509
910586,B,0.29256
911211,B,0.040439
911372,B,0.455699
912614,B,0.062927
910455,B,0.016935
910189,B,0.024102
912843,B,0.062655
911160,B,0.020411
911575,B,0.013886
910985,B,0.032677
910631,B,0.00964
912225,B,0.027493
912587,B,0.280698
910677,B,0.032183
910340,B,0.028083
912083,B,0.729801
911853,B,0.778058
911469,B,0.013957
910921,B,0.068522
912111,B,0.077041
911822,B,0.088755
911915,B,0.053602
910951,B,0.549474
911968,B,0.638761
911174,B,0.560786
911724,B,0.09263
911019,B,0.090831
911274,B,0.079673
911909,B,0.036893
911081,B,0.526275
911041,B,0.206994
910719,B,0.069723
912222,M,0.964662
912620,B,0.771051
912804,B,0.01496
912279,M,0.939561
912009,B,0.041314
912813,B,0.013891
912136,B,0.115122
910408,B,0.043487
910599,B,0.224565
912378,B,0.742895
911158,M,0.973561
912819,B,0.14474
910242,B,0.161629
911423,B,0.144603
912250,M,0.962056
912867,B,0.018763
912748,B,0.018547
911474,B,0.100546
911021,B,0.045045
911438,B,0.039197
911262,B,0.0538
910239,M,0.864814
910014,B,0.012417
912115,B,0.148335
912380,B,0.060437
912131,B,0.131597
910766,M,0.96957
911565,B,0.090605
911148,B,0.128643
910019,B,0.182153
912705,B,0.151126
910476,B,0.070315
911203,M,0.928698
911876,B,0.65109
910500,B,0.131363
911427,B,0.133771
912208,B,0.099687
910761,B,0.09481
910854,M,0.942527
911921,B,0.041726
912432,B,0.051745
910621,B,0.832792
910775,M,0.946186
912430,B,0.073092
910541,B,0.02686
910963,B,0.471674
910607,B,0.057686
912026,B,0.114202
911112,B,0.060587
910111,B,0.034912
911257,B,0.022613
910097,B,0.225289
911523,B,0.057799
912329,B,0.223711
911796,B,0.790284
910698,B,0.078948
911418,B,0.059556
910385,B,0.118967
910969,B,0.040349
911790,B,0.065548
911183,B,0.194459
911394,B,0.088771
911791,B,0.046487
912142,B,0.051879
912118,B,0.119683
910240,B,0.012664
911543,B,0.011656
910647,B,0.054448
911091,B,0.016866
912527,B,0.41819
912479,B,0.430005
912388,B,0.025709
912684,B,0.033888
912434,B,0.027709
910868,B,0.064935
911608,B,0.027664
912711,B,0.830553
911410,B,0.697425
911303,B,0.050647
912406,B,0.378128
911546,B,0.611602
912369,M,0.930419
911650,B,0.383583
911360,B,0.664099
910796,B,0.743382
911047,M,0.987656
911235,B,0.054263
911368,B,0.044547
912392,B,0.021955
912458,B,0.03471
912274,B,0.582459
911735,B,0.468692
912375,B,0.120751
910821,B,0.021236
910061,B,0.192123
911115,B,0.08381
911619,B,0.052009
911524,B,0.010374
910638,B,0.116757
910166,B,0.069234
912517,B,0.029342
911964,B,0.028589
910461,B,0.591853
910488,B,0.041623
911679,B,0.066826
911999,B,0.192547
912301,B,0.041243
912852,M,0.961445
911605,B,0.022803
910958,B,0.53794
910997,B,0.035187
911993,B,0.072645
910268,B,0.139417
912110,B,0.017899
910139,B,0.022916
910715,B,0.055793
911633,B,0.361662
911818,M,0.968505
910624,B,0.06884
910965,B,0.126736
912255,B,0.284294
910562,B,0.064448
910777,B,0.21844
912257,B,0.796835
911178,B,0.10343
911684,B,0.041702
911333,B,0.076696
912211,B,0.02942
911251,B,0.018883
912489,B,0.426291
910551,B,0.100043
912880,B,0.146743
911484,B,0.032574
910143,M,0.847231
910604,B,0.042592
912500,B,0.06727
912460,B,0.126081
911466,B,0.033454
912765,B,0.120769
912004,B,0.295563
912353,B,0.02405
912608,B,0.087476
911816,B,0.108807
910152,B,0.066252
911324,B,0.343466
912645,M,0.975962
910487,B,0.034328
910044,B,0.779186
911692,B,0.034584
912855,B,0.045246
912682,B,0.205273
912095,M,0.966987
911133,B,0.823362
911842,B,0.819561
911217,B,0.20345
910231,B,0.017492
911010,B,0.03878
910883,B,0.830145
911042,B,0.308716
910115,B,0.017579
910823,B,0.019544
912444,B,0.090746
911170,B,0.015332
911869,B,0.04389
910557,M,0.973615
911337,B,0.025277
911389,B,0.759375
911695,B,0.096683
910605,M,0.868894
912673,B,0.160048
912294,B,0.028899
911948,B,0.089121
911456,M,0.897088
912651,B,0.407576
912521,B,0.084614
912079,B,0.02671
910546,B,0.522293
912823,B,0.051925
911717,B,0.066048
911315,B,0.144658
912876,B,0.018964
910176,B,0.59231
912103,B,0.026303
910193,M,0.949794
911789,B,0.1531
912772,B,0.144726
911738,M,0.869142
911834,B,0.025552
911938,B,0.072379
911954,M,0.919057
910878,M,0.91661
910422,B,0.093421
911902,M,0.969715
911068,M,0.841744
910126,B,0.037141
912059,B,0.04607
912873,B,0.470214
910842,B,0.048242
911955,B,0.213991
910162,B,0.141142
911760,B,0.038077
911553,B,0.035523
912093,B,0.677954
910646,B,0.086724
911567,B,0.005973
912485,M,0.975005
912283,B,0.543072
910082,M,0.840986
910000,B,0.027925
910751,B,0.142743
912440,B,0.064123
912491,B,0.035637
912041,B,0.200203
910693,B,0.062301
910015,B,0.03975
910962,B,0.055752
910063,B,0.157681
912681,B,0.021291
910462,M,0.957307
912792,B,0.012455
910045,B,0.128122
911336,B,0.086545
911096,M,0.933451
912471,M,0.884624
910348,B,0.051769
912530,B,0.03166
911988,B,0.744605
910426,M,0.947253
910442,B,0.125408
911361,B,0.035366
911683,M,0.943885
912636,M,0.983152
911222,B,0.034884
912040,B,0.078628
910598,B,0.562667
911973,B,0.076721
911939,M,0.967776
911098,B,0.061362
910379,B,0.03942
912429,B,0.2293
912133,B,0.020351
912092,M,0.957859
910131,B,0.035305
911094,B,0.054
911898,B,0.832012
911275,B,0.088035
911865,B,0.07726
912480,B,0.092522
911076,B,0.219401
911505,B,0.683896
911176,M,0.928045
911645,B,0.114381
911874,B,0.033161
912124,B,0.064773
912273,B,0.138587
910322,B,0.11694
911886,B,0.079133
912067,M,0.862799
912683,B,0.131959
911074,B,0.082141
911521,B,0.346425
910430,M,0.907774
911147,B,0.020796
911879,B,0.184773
910265,B,0.135061
910533,B,0.468243
910697,B,0.283373
912176,B,0.116153
910724,B,0.106956
911179,B,0.030312
911411,B,0.198826
910182,B,0.026748
912464,B,0.32984
910947,B,0.741847
912578,B,0.012282
911995,B,0.135724
911135,B,0.030169
912261,B,0.045856
912267,B,0.03099
912421,B,0.718459
911914,B,0.344719
910479,B,0.038289
911854,B,0.137864
910207,B,0.060269
910018,B,0.717593
910855,B,0.114581
912276,B,0.09453
910689,M,0.953452
911516,B,0.179875
910125,B,0.107947
911801,B,0.155668
910454,B,0.054552
911625,B,0.072528
912102,B,0.03086
910895,B,0.028104
911355,B,0.0078
910402,B,0.127661
912821,B,0.466571
912600,M,0.959974
912437,B,0.233398
912828,B,0.022367
911429,B,0.120558
911978,B,0.837615
911774,B,0.024335
911468,B,0.725979
911967,B,0.111218
911499,B,0.094018
910865,B,0.566165
912107,B,0.037619
910699,M,0.980452
912147,M,0.952474
910549,B,0.191241
912238,B,0.177287
911380,B,0.022759
912374,B,0.029284
912791,B,0.01023
910672,B,0.078015
912187,B,0.169397
912708,B,0.097717
910183,B,0.135977
911956,B,0.682992
910250,M,0.877608
912665,B,0.027712
910949,B,0.431688
910960,B,0.171382
912209,B,0.027054
910398,B,0.120778
911926,B,0.017808
910603,B,0.026018
911746,B,0.012464
911622,B,0.35392
911848,B,0.320195
911711,B,0.121591
911559,B,0.076246
911280,B,0.29322
911718,M,0.94377
910225,M,0.897231
911514,B,0.194016
911300,B,0.039977
912751,B,0.081658
910252,B,0.67853
910092,B,0.243965
911031,B,0.041904
911623,B,0.07612
910237,B,0.085974
912357,B,0.085556
910073,B,0.039994
912236,B,0.062461
912219,M,0.883773
910378,B,0.068835
910052,B,0.159835
912045,B,0.021819
912177,B,0.070299
912686,B,0.072452
910306,M,0.957575
912678,B,0.035099
911297,B,0.136704
911564,B,0.125569
911045,B,0.066309
911316,B,0.451746
911502,B,0.183973
910424,B,0.062378
912505,B,0.049721
910374,B,0.016491
910805,B,0.055507
912483,B,0.013393
911785,B,0.09253
910912,B,0.190789
912057,B,0.217983
912108,B,0.188477
911640,B,0.04114
910273,B,0.347359
912090,B,0.310095
911202,B,0.250762
910367,B,0.024681
911442,B,0.105035
910287,B,0.065371
911639,B,0.104989
911840,B,0.74059
911931,B,0.776849
911535,B,0.039057
912097,B,0.072036
911990,M,0.968886
910493,B,0.036886
911434,B,0.13329
912350,B,0.124889
910714,B,0.031404
910582,M,0.930695
911195,B,0.045408
912085,B,0.161969
911367,B,0.196221
912778,B,0.031428
912121,B,0.127724
911620,B,0.087655
911022,B,0.006237
910129,B,0.066696
911830,B,0.025287
910671,B,0.696783
910389,B,0.463963
912318,B,0.034163
912514,B,0.273701
912599,M,0.920465
910318,B,0.053908
911643,B,0.465372
910244,B,0.111758
911949,B,0.098258
910178,B,0.029582
910447,B,0.677735
912834,B,0.111998
910655,B,0.028869
912146,B,0.012232
911452,M,0.85
912836,B,0.046012
910033,B,0.058623
912063,B,0.011867
910475,B,0.030738
911453,B,0.090237
912753,B,0.135466
912064,B,0.059108
911764,B,0.778878
912292,B,0.018957
911550,B,0.623687
910961,B,0.079881
910257,B,0.136966
911782,B,0.315962
912590,B,0.012997
910372,B,0.141028
910784,B,0.085046
912308,B,0.014072
912461,M,0.914111
910712,B,0.070384
911144,B,0.064046
911405,B,0.023393
911691,B,0.044149
912376,B,0.758762
911637,B,0.11281
910504,B,0.512251
911071,B,0.175808
910330,B,0.089475
910882,B,0.397709
911236,B,0.048442
911547,B,0.333214
910970,M,0.974121
910410,B,0.613163
911104,B,0.03061
912241,B,0.027116
910653,B,0.023511
910180,B,0.264605
911788,B,0.130763
911151,B,0.123651
910445,B,0.054219
911329,B,0.128542
912334,B,0.006012
912309,M,0.932853
911157,B,0.040536
912061,M,0.937689
912399,B,0.052032
911537,B,0.11613
910345,B,0.038846
911545,B,0.183489
912713,B,0.029998
910929,B,0.125277
910495,B,0.10534
911191,B,0.065279
910057,B,0.030484
910563,B,0.114885
912419,B,0.04161
911928,B,0.027976
911125,B,0.030381
910275,B,0.035421
910512,B,0.273956
911875,M,0.970915
912726,B,0.129802
910201,B,0.116754
910575,B,0.014815
912377,M,0.935632
912185,B,0.247202
910258,B,0.703358
911832,B,0.040187
911305,B,0.341154
912244,B,0.064555
912814,M,0.851302
911669,B,0.08035
910922,B,0.063043
910029,B,0.035604
910070,B,0.051598
911807,M,0.94964
911441,B,0.027262
912144,B,0.101271
912700,B,0.055955
911347,B,0.022986
911851,M,0.846272
911475,B,0.16116
911200,B,0.057097
911975,M,0.976884
910137,B,0.186271
910270,B,0.34944
911750,M,0.907892
910449,B,0.035468
910763,B,0.059991
910914,M,0.918619
911085,B,0.051439
912192,B,0.01695
912449,B,0.048448
912702,B,0.025803
912790,B,0.09915
912698,B,0.424954
912737,B,0.155927
911945,B,0.050803
912861,B,0.068176
910288,M,0.974489
910336,B,0.103626
911979,B,0.078271
910120,B,0.060885
911658,B,0.064014
910490,B,0.061141
910538,B,0.102502
912744,B,0.079438
912735,B,0.019813
910104,B,0.020199
910261,B,0.0868
910532,B,0.087672
912216,B,0.093368
912611,M,0.856753
911937,B,0.034649
910808,B,0.026036
912467,B,0.049042
911107,B,0.089429
910289,B,0.036303
910932,B,0.703081
910783,B,0.024133
911173,B,0.029951
912158,B,0.048767
910342,B,0.065587
912662,M,0.954558
912047,B,0.117249
912580,M,0.951267
912820,M,0.946994
910662,B,0.051935
911013,B,0.131273
910441,B,0.011168
910431,M,0.994529
911716,B,0.016473
911139,B,0.389181
912114,B,0.12196
912223,B,0.044377
912355,B,0.031708
911668,M,0.93662
910843,B,0.03022
911515,B,0.045629
912450,B,0.132583
911911,B,0.04516
910331,B,0.041783
911539,M,0.894047
912535,B,0.225994
910734,B,0.058715
911167,B,0.022732
911218,M,0.918862
912197,B,0.081275
912634,B,0.131967
911454,B,0.793334
912230,M,0.900982
910397,B,0.032828
910622,M,0.844877
910567,B,0.025145
911894,B,0.095971
910943,B,0.06088
911365,M,0.958104
911210,B,0.037779
912417,B,0.801587
912685,B,0.034374
910297,B,0.099621
910740,M,0.985145
911311,B,0.079803
910506,B,0.091276
910906,B,0.600923
912224,B,0.041456
912042,B,0.031568
910608,B,0.185003
912048,B,0.587544
912297,B,0.074251
910790,B,0.035889
911500,B,0.042982
910286,B,0.02038
912338,B,0.043685
912243,B,0.052313
910992,M,0.889149
912840,B,0.070208
912534,B,0.128396
911632,M,0.972729
910676,B,0.302546
912140,B,0.416405
910994,B,0.820658
911989,B,0.007414
911472,B,0.067704
911697,B,0.013554
912771,B,0.1178
910081,B,0.018292
910939,B,0.019671
910335,B,0.096608
910744,B,0.06539
910396,B,0.731611
911794,B,0.030575
912695,B,0.424129
912077,B,0.632613
910990,B,0.707859
912841,B,0.031333
910077,B,0.003399
912248,B,0.086791
912470,B,0.110267
910770,B,0.040193
912228,B,0.125514
912251,M,0.885785
910076,B,0.138186
910846,B,0.084958
910806,B,0.573166
911638,B,0.027914
910836,B,0.040614
911696,B,0.061939
910383,B,0.021239
910630,B,0.056766
912091,B,0.110194
912603,B,0.481588
912397,B,0.039632
911310,B,0.536938
912339,B,0.113516
911227,B,0.058347
911406,B,0.044441
911569,B,0.389171
910150,B,0.208186
911172,B,0.116061
910632,B,0.071507
910337,B,0.083011
912710,B,0.201569
912439,B,0.208376
910767,B,0.070416
911459,B,0.069388
911388,B,0.006244
912863,M,0.962938
912003,B,0.080419
912326,B,0.027553
911027,B,0.101074
911118,B,0.107326
911492,B,0.068142
910138,B,0.038821
910722,B,0.747166
911652,M,0.958027
911154,B,0.017299
910293,B,0.05512
910190,B,0.084626
911671,M,0.980492
911180,B,0.037842
912022,B,0.198803
910227,B,0.033431
912178,B,0.076571
912721,M,0.979637
911197,B,0.022958
912800,M,0.970146
910979,B,0.054788
912088,B,0.213062
910649,B,0.02922
911808,B,0.052277
911366,B,0.0255
910437,B,0.008409
911872,B,0.026436
910804,B,0.018939
910828,B,0.838396
910524,B,0.131977
910953,B,0.126547
911182,B,0.023328
911953,B,0.045266
910486,B,0.797542
910584,B,0.124565
910718,B,0.345721
911437,B,0.042442
910982,M,0.964325
910128,B,0.059351
911792,M,0.921507
910710,B,0.023566
910752,B,0.061173
910394,B,0.098907
912288,B,0.063483
912155,B,0.041196
912664,B,0.051506
911451,M,0.909124
910141,B,0.540783
911341,M,0.849544
910510,B,0.099051
910815,B,0.021282
911852,B,0.024606
911579,B,0.120513
911793,B,0.034495
910885,B,0.144688
911060,M,0.972037
910278,B,0.132248
911282,B,0.33504
910222,B,0.249771
911776,B,0.011125
911934,M,0.9455
910899,B,0.090923
910879,B,0.034754
910103,B,0.040203
912612,B,0.183984
912706,B,0.091597
910116,B,0.182202
910313,B,0.377295
910253,M,0.858548
911381,B,0.251926
911628,B,0.018459
912030,B,0.041855
912472,B,0.01315
911490,B,0.063633
910017,M,0.933815
912039,B,0.168983
910140,B,0.008282
911732,B,0.162168
910124,B,0.079913
912845,M,0.899691
912872,B,0.466978
912364,M,0.881735
910757,B,0.04746
911877,B,0.115638
910916,B,0.095156
910323,B,0.093304
912637,B,0.837881
911631,B,0.100338
910155,B,0.038231
911240,B,0.712587
912348,B,0.119147
912335,B,0.020675
912319,B,0.059545
911346,M,0.951076
910660,B,0.12444
910893,B,0.08497
911209,B,0.05263
912801,B,0.04452
911570,B,0.102903
912860,B,0.060853
911483,B,0.080961
911412,B,0.53884
912510,B,0.078001
911860,B,0.081965
911890,B,0.406389
912346,B,0.07301
911194,B,0.073715
910696,B,0.212464
912232,B,0.066463
912154,B,0.12053
910875,B,0.035911
912529,M,0.874622
911662,B,0.183974
911431,B,0.064701
910904,B,0.122398
911124,B,0.517376
911576,B,0.063217
911011,B,0.036931
910417,B,0.030112
912785,B,0.686855
911761,B,0.088169
912011,B,0.538157
911962,B,0.188145
911870,B,0.224727
911610,B,0.01773
910300,B,0.040235
912502,M,0.902928
910114,B,0.310869
912055,B,0.24943
910742,B,0.034723
912859,B,0.028206
911583,B,0.538242
910881,B,0.05435
911881,M,0.952417
912869,B,0.011645
911373,B,0.265311
912126,B,0.194546
911312,B,0.046861
910673,B,0.028291
911891,B,0.096
910955,B,0.024881
910952,B,0.051895
912847,B,0.072111
912075,B,0.016169
912082,M,0.896586
911574,B,0.014116
910001,B,0.021799
912436,B,0.008372
912495,B,0.015659
912851,B,0.046489
911455,B,0.119853
912712,M,0.929582
911313,B,0.782755
911560,B,0.039708
910248,B,0.099669
912215,B,0.046094
910299,B,0.098066
911969,M,0.855816
911296,B,0.085433
911223,B,0.227708
910168,B,0.071342
910219,B,0.219997
910977,B,0.068596
912231,B,0.04875
912536,B,0.045163
912325,B,0.115842
912306,B,0.038059
910565,B,0.024482
912371,B,0.074385
910264,B,0.194301
911436,B,0.047765
910864,B,0.13672
911589,B,0.221978
912474,B,0.098055
912169,M,0.977769
912239,B,0.102178
910570,M,0.85763
910950,M,0.971078
910381,B,0.196915
912473,B,0.028706
910948,B,0.042835
912446,B,0.092761
912696,B,0.030937
910210,B,0.030587
910482,B,0.154389
912101,B,0.083463
910786,B,0.042514
910847,B,0.010814
911726,B,0.544225
910086,B,0.016271
910405,B,0.24982
912345,B,0.051002
911922,B,0.042533
910903,B,0.011995
910743,B,0.018657
910247,B,0.111213
910579,M,0.980592
911413,M,0.948318
912362,B,0.279064
912736,B,0.018062
911705,B,0.803466
911731,B,0.042268
911012,B,0.067184
912160,B,0.231843
912719,B,0.057758
911925,B,0.038471
910087,B,0.021647
910616,B,0.02099
910871,B,0.185843
912433,M,0.853674
911900,B,0.083175
910147,B,0.138387
912795,M,0.984705
911057,B,0.463173
912667,B,0.109145
912739,B,0.055861
911392,B,0.025626
910171,B,0.016775
910531,M,0.98046
911747,B,0.016482
912581,M,0.96265
912807,B,0.497941
912062,B,0.018822
910928,B,0.060624
911232,M,0.961926
911528,B,0.183807
910680,B,0.119215
910304,B,0.030723
912316,B,0.039034
910036,B,0.1455
911826,B,0.10054
911130,B,0.034506
910704,B,0.034417
912643,B,0.234179
910364,B,0.811054
910439,B,0.022707
912387,B,0.025737
910716,B,0.023554
910824,M,0.892557
911009,B,0.683813
910937,B,0.01167
912069,B,0.047596
910135,B,0.205459
911105,M,0.935156
910047,B,0.118222
910499,B,0.054
911458,B,0.052225
911737,M,0.920152
911709,B,0.067312
910334,B,0.154267
911284,B,0.041811
911929,B,0.171774
910481,B,0.022495
912655,B,0.036458
910667,B,0.290361
910768,B,0.046623
911342,M,0.857986
910596,B,0.059239
912672,B,0.301281
912554,B,0.137702
910420,B,0.01275
911119,B,0.028494
910812,B,0.425455
912506,B,0.745346
910935,B,0.150352
910911,B,0.142705
911247,B,0.047032
912725,B,0.058232
910049,M,0.984776
911330,B,0.075428
911460,B,0.01853
912475,M,0.910492
910213,B,0.210263
910522,B,0.321636
910542,B,0.251441
910930,M,0.93238
911985,B,0.050741
910703,B,0.06605
910004,B,0.39533
911198,B,0.035642
912709,B,0.017234
910185,B,0.026862
910006,B,0.029082
912660,B,0.669422
912171,M,0.863947
911673,B,0.084343
910702,B,0.02785
912141,M,0.883637
910872,B,0.666792
911377,B,0.214533
912025,B,0.572932
912060,B,0.009397
910505,B,0.08012
910269,B,0.046763
911058,B,0.098157
912096,B,0.143252
912289,B,0.079441
910392,B,0.073383
912134,M,0.874855
910064,B,0.038739
912549,B,0.093379
911332,B,0.092527
912799,B,0.059398
910101,B,0.030004
911401,B,0.211675
911558,M,0.981349
911424,M,0.986546
910741,M,0.964203
911093,B,0.464286
911078,B,0.327452
910550,B,0.015992
911239,B,0.016773
911701,B,0.024825
910085,B,0.063151
910373,B,0.242654
912100,B,0.048528
